GEO.id,GEO.id2,GEO.display-label,NAICS.id,NAICS.display-label,YEAR.id,ESTAB,EMP,PAYQTR1,PAYANN
Geographic identifier code,Id2,Geographic area name,2007 NAICS code,Meaning of 2007 NAICS code,Year,Number of establishments,Paid employees for pay period including March 12 (number),"First-quarter payroll ($1,000)","Annual payroll ($1,000)"
8610000US35004,35004,"ZIP 35004 (Moody, AL)",00,Total for all sectors,2011,155,2170,17772,78514
8610000US35005,35005,"ZIP 35005 (Adamsville, AL)",00,Total for all sectors,2011,91,650,4353,19662
8610000US35006,35006,"ZIP 35006 (Adger, AL)",00,Total for all sectors,2011,21,g,D,D
8610000US35007,35007,"ZIP 35007 (Alabaster, AL)",00,Total for all sectors,2011,581,9615,73010,326283
8610000US35010,35010,"ZIP 35010 (Alexander City, AL)",00,Total for all sectors,2011,467,7303,51157,217861
8610000US35011,35011,"ZIP 35011 (Alexander City, AL)",00,Total for all sectors,2011,30,320,2381,9209
8610000US35013,35013,"ZIP 35013 (Allgood, AL)",00,Total for all sectors,2011,6,b,D,D
8610000US35014,35014,"ZIP 35014 (Alpine, AL)",00,Total for all sectors,2011,23,104,789,3515
8610000US35015,35015,"ZIP 35015 (Alton, AL)",00,Total for all sectors,2011,3,b,278,1313
8610000US35016,35016,"ZIP 35016 (Arab, AL)",00,Total for all sectors,2011,317,3344,23703,97095
8610000US35019,35019,"ZIP 35019 (Baileyton, AL)",00,Total for all sectors,2011,22,157,746,3123
8610000US35020,35020,"ZIP 35020 (Bessemer, AL)",00,Total for all sectors,2011,518,5519,46702,199859
8610000US35021,35021,"ZIP 35021 (Bessemer, AL)",00,Total for all sectors,2011,22,253,2846,12978
8610000US35022,35022,"ZIP 35022 (Bessemer, AL)",00,Total for all sectors,2011,412,8256,68182,281125
8610000US35023,35023,"ZIP 35023 (Bessemer, AL)",00,Total for all sectors,2011,377,4825,37340,153916
8610000US35031,35031,"ZIP 35031 (Blountsville, AL)",00,Total for all sectors,2011,85,1026,6778,30148
8610000US35032,35032,"ZIP 35032 (Bon Air, AL)",00,Total for all sectors,2011,1,a,D,D
8610000US35033,35033,"ZIP 35033 (Bremen, AL)",00,Total for all sectors,2011,25,c,S,5103
8610000US35034,35034,"ZIP 35034 (Brent, AL)",00,Total for all sectors,2011,57,1136,9366,41827
8610000US35035,35035,"ZIP 35035 (Brierfield, AL)",00,Total for all sectors,2011,22,181,1935,8536
8610000US35036,35036,"ZIP 35036 (Brookside, AL)",00,Total for all sectors,2011,1,a,D,D
8610000US35040,35040,"ZIP 35040 (Calera, AL)",00,Total for all sectors,2011,268,4433,53596,199344
8610000US35042,35042,"ZIP 35042 (Centreville, AL)",00,Total for all sectors,2011,107,1114,6613,28677
8610000US35043,35043,"ZIP 35043 (Chelsea, AL)",00,Total for all sectors,2011,180,1480,9259,40810
8610000US35044,35044,"ZIP 35044 (Childersburg, AL)",00,Total for all sectors,2011,138,1400,12748,46567
8610000US35045,35045,"ZIP 35045 (Clanton, AL)",00,Total for all sectors,2011,373,3847,25088,109516
8610000US35046,35046,"ZIP 35046 (Clanton, AL)",00,Total for all sectors,2011,75,746,4193,16039
8610000US35048,35048,"ZIP 35048 (Clay, AL)",00,Total for all sectors,2011,7,75,207,909
8610000US35049,35049,"ZIP 35049 (Cleveland, AL)",00,Total for all sectors,2011,52,302,1609,6619
8610000US35051,35051,"ZIP 35051 (Columbiana, AL)",00,Total for all sectors,2011,156,1393,8806,37882
8610000US35052,35052,"ZIP 35052 (Cook Springs, AL)",00,Total for all sectors,2011,3,c,D,D
8610000US35053,35053,"ZIP 35053 (Crane Hill, AL)",00,Total for all sectors,2011,26,110,429,1913
8610000US35054,35054,"ZIP 35054 (Cropwell, AL)",00,Total for all sectors,2011,71,245,1267,5468
8610000US35055,35055,"ZIP 35055 (Cullman, AL)",00,Total for all sectors,2011,846,12437,96571,393143
8610000US35056,35056,"ZIP 35056 (Cullman, AL)",00,Total for all sectors,2011,56,430,3180,13436
8610000US35057,35057,"ZIP 35057 (Cullman, AL)",00,Total for all sectors,2011,162,1590,10440,49390
8610000US35058,35058,"ZIP 35058 (Cullman, AL)",00,Total for all sectors,2011,205,2944,23142,102965
8610000US35060,35060,"ZIP 35060 (Docena, AL)",00,Total for all sectors,2011,3,b,D,D
8610000US35061,35061,"ZIP 35061 (Dolomite, AL)",00,Total for all sectors,2011,31,325,3022,13208
8610000US35062,35062,"ZIP 35062 (Dora, AL)",00,Total for all sectors,2011,79,571,3579,15284
8610000US35063,35063,"ZIP 35063 (Empire, AL)",00,Total for all sectors,2011,23,96,565,2649
8610000US35064,35064,"ZIP 35064 (Fairfield, AL)",00,Total for all sectors,2011,170,4835,65429,261670
8610000US35068,35068,"ZIP 35068 (Fultondale, AL)",00,Total for all sectors,2011,137,1991,10256,41053
8610000US35070,35070,"ZIP 35070 (Garden City, AL)",00,Total for all sectors,2011,7,a,D,D
8610000US35071,35071,"ZIP 35071 (Gardendale, AL)",00,Total for all sectors,2011,348,4167,26817,115287
8610000US35072,35072,"ZIP 35072 (Goodwater, AL)",00,Total for all sectors,2011,36,588,4597,19131
8610000US35073,35073,"ZIP 35073 (Graysville, AL)",00,Total for all sectors,2011,41,480,3623,15054
8610000US35074,35074,"ZIP 35074 (Green Pond, AL)",00,Total for all sectors,2011,7,102,590,2312
8610000US35077,35077,"ZIP 35077 (Hanceville, AL)",00,Total for all sectors,2011,176,2187,15492,63830
8610000US35078,35078,"ZIP 35078 (Harpersville, AL)",00,Total for all sectors,2011,47,306,1954,8088
8610000US35079,35079,"ZIP 35079 (Hayden, AL)",00,Total for all sectors,2011,53,292,1998,8137
8610000US35080,35080,"ZIP 35080 (Helena, AL)",00,Total for all sectors,2011,206,2546,15248,68853
8610000US35082,35082,"ZIP 35082 (Hollins, AL)",00,Total for all sectors,2011,1,a,D,D
8610000US35083,35083,"ZIP 35083 (Holly Pond, AL)",00,Total for all sectors,2011,29,261,1607,7356
8610000US35085,35085,"ZIP 35085 (Jemison, AL)",00,Total for all sectors,2011,112,722,3416,16436
8610000US35087,35087,"ZIP 35087 (Joppa, AL)",00,Total for all sectors,2011,16,107,518,1944
8610000US35089,35089,"ZIP 35089 (Kellyton, AL)",00,Total for all sectors,2011,18,101,813,3250
8610000US35091,35091,"ZIP 35091 (Kimberly, AL)",00,Total for all sectors,2011,12,36,729,1409
8610000US35094,35094,"ZIP 35094 (Leeds, AL)",00,Total for all sectors,2011,340,3855,26676,114037
8610000US35096,35096,"ZIP 35096 (Lincoln, AL)",00,Total for all sectors,2011,129,5179,70150,271251
8610000US35097,35097,"ZIP 35097 (Locust Fork, AL)",00,Total for all sectors,2011,18,131,479,1875
8610000US35098,35098,"ZIP 35098 (Logan, AL)",00,Total for all sectors,2011,7,30,91,367
8610000US35111,35111,"ZIP 35111 (Mc Calla, AL)",00,Total for all sectors,2011,172,3444,24465,106982
8610000US35112,35112,"ZIP 35112 (Margaret, AL)",00,Total for all sectors,2011,4,8,66,223
8610000US35114,35114,"ZIP 35114 (Maylene, AL)",00,Total for all sectors,2011,39,c,863,3450
8610000US35115,35115,"ZIP 35115 (Montevallo, AL)",00,Total for all sectors,2011,175,1774,11986,52285
8610000US35116,35116,"ZIP 35116 (Morris, AL)",00,Total for all sectors,2011,39,220,1792,7646
8610000US35117,35117,"ZIP 35117 (Mount Olive, AL)",00,Total for all sectors,2011,54,285,1559,6903
8610000US35118,35118,"ZIP 35118 (Mulga, AL)",00,Total for all sectors,2011,35,261,1784,8350
8610000US35119,35119,"ZIP 35119 (New Castle, AL)",00,Total for all sectors,2011,2,a,D,D
8610000US35120,35120,"ZIP 35120 (Odenville, AL)",00,Total for all sectors,2011,105,483,2725,13080
8610000US35121,35121,"ZIP 35121 (Oneonta, AL)",00,Total for all sectors,2011,318,3532,23974,102783
8610000US35123,35123,"ZIP 35123 (Palmerdale, AL)",00,Total for all sectors,2011,4,29,83,363
8610000US35124,35124,"ZIP 35124 (Pelham, AL)",00,Total for all sectors,2011,1044,13724,122619,527543
8610000US35125,35125,"ZIP 35125 (Pell City, AL)",00,Total for all sectors,2011,324,5236,37912,155802
8610000US35126,35126,"ZIP 35126 (Pinson, AL)",00,Total for all sectors,2011,227,1737,12065,55061
8610000US35127,35127,"ZIP 35127 (Pleasant Grove, AL)",00,Total for all sectors,2011,72,760,3822,16848
8610000US35128,35128,"ZIP 35128 (Pell City, AL)",00,Total for all sectors,2011,144,1256,9401,43172
8610000US35130,35130,"ZIP 35130 (Quinton, AL)",00,Total for all sectors,2011,26,584,11987,39008
8610000US35131,35131,"ZIP 35131 (Ragland, AL)",00,Total for all sectors,2011,32,289,2661,11375
8610000US35133,35133,"ZIP 35133 (Remlap, AL)",00,Total for all sectors,2011,32,211,1046,4373
8610000US35135,35135,"ZIP 35135 (Riverside, AL)",00,Total for all sectors,2011,19,123,432,2149
8610000US35136,35136,"ZIP 35136 (Rockford, AL)",00,Total for all sectors,2011,23,64,395,1678
8610000US35137,35137,"ZIP 35137 (Saginaw, AL)",00,Total for all sectors,2011,13,517,5990,30477
8610000US35139,35139,"ZIP 35139 (Sayre, AL)",00,Total for all sectors,2011,1,a,D,D
8610000US35142,35142,"ZIP 35142 (Shannon, AL)",00,Total for all sectors,2011,4,b,D,D
8610000US35143,35143,"ZIP 35143 (Shelby, AL)",00,Total for all sectors,2011,32,128,1018,4234
8610000US35146,35146,"ZIP 35146 (Springville, AL)",00,Total for all sectors,2011,129,971,5743,23081
8610000US35147,35147,"ZIP 35147 (Sterrett, AL)",00,Total for all sectors,2011,52,305,2288,10662
8610000US35148,35148,"ZIP 35148 (Sumiton, AL)",00,Total for all sectors,2011,92,1191,6700,26280
8610000US35149,35149,"ZIP 35149 (Sycamore, AL)",00,Total for all sectors,2011,4,a,S,160
8610000US35150,35150,"ZIP 35150 (Sylacauga, AL)",00,Total for all sectors,2011,436,6208,53665,224090
8610000US35151,35151,"ZIP 35151 (Sylacauga, AL)",00,Total for all sectors,2011,63,832,5438,22811
8610000US35160,35160,"ZIP 35160 (Talladega, AL)",00,Total for all sectors,2011,377,5737,38438,164043
8610000US35161,35161,"ZIP 35161 (Talladega, AL)",00,Total for all sectors,2011,26,649,5626,24435
8610000US35171,35171,"ZIP 35171 (Thorsby, AL)",00,Total for all sectors,2011,44,453,4140,18077
8610000US35172,35172,"ZIP 35172 (Trafford, AL)",00,Total for all sectors,2011,22,119,689,3119
8610000US35173,35173,"ZIP 35173 (Trussville, AL)",00,Total for all sectors,2011,547,6267,50430,214883
8610000US35175,35175,"ZIP 35175 (Union Grove, AL)",00,Total for all sectors,2011,32,686,7817,39839
8610000US35176,35176,"ZIP 35176 (Vandiver, AL)",00,Total for all sectors,2011,9,97,851,2934
8610000US35178,35178,"ZIP 35178 (Vincent, AL)",00,Total for all sectors,2011,28,351,3249,12654
8610000US35179,35179,"ZIP 35179 (Vinemont, AL)",00,Total for all sectors,2011,96,678,4862,24281
8610000US35180,35180,"ZIP 35180 (Warrior, AL)",00,Total for all sectors,2011,164,1427,9603,41027
8610000US35182,35182,"ZIP 35182 (Wattsville, AL)",00,Total for all sectors,2011,1,a,D,D
8610000US35183,35183,"ZIP 35183 (Weogufka, AL)",00,Total for all sectors,2011,2,a,D,D
8610000US35184,35184,"ZIP 35184 (West Blocton, AL)",00,Total for all sectors,2011,26,106,682,3149
8610000US35185,35185,"ZIP 35185 (Westover, AL)",00,Total for all sectors,2011,8,28,291,1048
8610000US35186,35186,"ZIP 35186 (Wilsonville, AL)",00,Total for all sectors,2011,56,f,D,D
8610000US35187,35187,"ZIP 35187 (Wilton, AL)",00,Total for all sectors,2011,6,b,D,D
8610000US35188,35188,"ZIP 35188 (Woodstock, AL)",00,Total for all sectors,2011,58,367,2655,11810
8610000US35201,35201,"ZIP 35201 (Birmingham, AL)",00,Total for all sectors,2011,30,g,D,D
8610000US35202,35202,"ZIP 35202 (Birmingham, AL)",00,Total for all sectors,2011,44,544,5325,21171
8610000US35203,35203,"ZIP 35203 (Birmingham, AL)",00,Total for all sectors,2011,937,23675,431168,1449175
8610000US35204,35204,"ZIP 35204 (Birmingham, AL)",00,Total for all sectors,2011,203,4366,28185,128315
8610000US35205,35205,"ZIP 35205 (Birmingham, AL)",00,Total for all sectors,2011,627,14714,135697,624744
8610000US35206,35206,"ZIP 35206 (Birmingham, AL)",00,Total for all sectors,2011,207,2175,12865,52537
8610000US35207,35207,"ZIP 35207 (Birmingham, AL)",00,Total for all sectors,2011,125,4967,59414,237544
8610000US35208,35208,"ZIP 35208 (Birmingham, AL)",00,Total for all sectors,2011,170,1633,10227,38509
8610000US35209,35209,"ZIP 35209 (Birmingham, AL)",00,Total for all sectors,2011,1819,41612,445417,1871540
8610000US35210,35210,"ZIP 35210 (Birmingham, AL)",00,Total for all sectors,2011,620,11771,121505,590324
8610000US35211,35211,"ZIP 35211 (Birmingham, AL)",00,Total for all sectors,2011,400,10652,126159,532468
8610000US35212,35212,"ZIP 35212 (Birmingham, AL)",00,Total for all sectors,2011,198,4071,41333,163236
8610000US35213,35213,"ZIP 35213 (Birmingham, AL)",00,Total for all sectors,2011,297,4439,43640,212382
8610000US35214,35214,"ZIP 35214 (Birmingham, AL)",00,Total for all sectors,2011,234,4215,35039,150200
8610000US35215,35215,"ZIP 35215 (Birmingham, AL)",00,Total for all sectors,2011,505,6596,48928,206743
8610000US35216,35216,"ZIP 35216 (Birmingham, AL)",00,Total for all sectors,2011,1030,15008,126062,549418
8610000US35217,35217,"ZIP 35217 (Birmingham, AL)",00,Total for all sectors,2011,355,7843,89561,370469
8610000US35218,35218,"ZIP 35218 (Birmingham, AL)",00,Total for all sectors,2011,99,1175,8663,40910
8610000US35219,35219,"ZIP 35219 (Birmingham, AL)",00,Total for all sectors,2011,14,356,5206,25265
8610000US35220,35220,"ZIP 35220 (Birmingham, AL)",00,Total for all sectors,2011,10,139,965,3663
8610000US35221,35221,"ZIP 35221 (Birmingham, AL)",00,Total for all sectors,2011,33,752,7478,35096
8610000US35222,35222,"ZIP 35222 (Birmingham, AL)",00,Total for all sectors,2011,390,7036,79095,331767
8610000US35223,35223,"ZIP 35223 (Birmingham, AL)",00,Total for all sectors,2011,485,7105,115582,396062
8610000US35224,35224,"ZIP 35224 (Birmingham, AL)",00,Total for all sectors,2011,42,438,3676,15271
8610000US35226,35226,"ZIP 35226 (Birmingham, AL)",00,Total for all sectors,2011,438,3487,22882,103099
8610000US35228,35228,"ZIP 35228 (Birmingham, AL)",00,Total for all sectors,2011,112,1084,6171,26147
8610000US35229,35229,"ZIP 35229 (Birmingham, AL)",00,Total for all sectors,2011,4,g,D,D
8610000US35231,35231,"ZIP 35231 (Birmingham, AL)",00,Total for all sectors,2011,6,35,143,519
8610000US35232,35232,"ZIP 35232 (Birmingham, AL)",00,Total for all sectors,2011,14,46,364,1696
8610000US35233,35233,"ZIP 35233 (Birmingham, AL)",00,Total for all sectors,2011,568,26642,368778,1479365
8610000US35234,35234,"ZIP 35234 (Birmingham, AL)",00,Total for all sectors,2011,159,3370,35789,144634
8610000US35235,35235,"ZIP 35235 (Birmingham, AL)",00,Total for all sectors,2011,489,9239,70505,301964
8610000US35236,35236,"ZIP 35236 (Birmingham, AL)",00,Total for all sectors,2011,18,210,1209,4247
8610000US35237,35237,"ZIP 35237 (Birmingham, AL)",00,Total for all sectors,2011,2,a,D,D
8610000US35238,35238,"ZIP 35238 (Birmingham, AL)",00,Total for all sectors,2011,24,190,1134,4891
8610000US35242,35242,"ZIP 35242 (Birmingham, AL)",00,Total for all sectors,2011,1435,23082,295842,1181420
8610000US35243,35243,"ZIP 35243 (Birmingham, AL)",00,Total for all sectors,2011,915,23559,316376,1228741
8610000US35244,35244,"ZIP 35244 (Birmingham, AL)",00,Total for all sectors,2011,1339,28701,349234,1381935
8610000US35246,35246,"ZIP 35246 (Birmingham, AL)",00,Total for all sectors,2011,3,a,D,D
8610000US35249,35249,"ZIP 35249 (Birmingham, AL)",00,Total for all sectors,2011,6,b,401,1835
8610000US35253,35253,"ZIP 35253 (Birmingham, AL)",00,Total for all sectors,2011,12,235,2562,12290
8610000US35254,35254,"ZIP 35254 (Birmingham, AL)",00,Total for all sectors,2011,4,474,4056,16100
8610000US35255,35255,"ZIP 35255 (Birmingham, AL)",00,Total for all sectors,2011,16,146,1816,7175
8610000US35259,35259,"ZIP 35259 (Birmingham, AL)",00,Total for all sectors,2011,15,e,D,D
8610000US35260,35260,"ZIP 35260 (Birmingham, AL)",00,Total for all sectors,2011,5,39,362,1574
8610000US35261,35261,"ZIP 35261 (Birmingham, AL)",00,Total for all sectors,2011,14,c,552,2201
8610000US35266,35266,"ZIP 35266 (Birmingham, AL)",00,Total for all sectors,2011,18,135,2431,10553
8610000US35283,35283,"ZIP 35283 (Birmingham, AL)",00,Total for all sectors,2011,1,b,D,D
8610000US35285,35285,"ZIP 35285 (Birmingham, AL)",00,Total for all sectors,2011,4,b,D,D
8610000US35288,35288,"ZIP 35288 (Birmingham, AL)",00,Total for all sectors,2011,1,a,D,D
8610000US35291,35291,"ZIP 35291 (Birmingham, AL)",00,Total for all sectors,2011,3,b,D,D
8610000US35294,35294,"ZIP 35294 (Birmingham, AL)",00,Total for all sectors,2011,7,c,D,D
8610000US35295,35295,"ZIP 35295 (Birmingham, AL)",00,Total for all sectors,2011,1,b,D,D
8610000US35298,35298,"ZIP 35298 (Birmingham, AL)",00,Total for all sectors,2011,3,b,D,D
8610000US35401,35401,"ZIP 35401 (Tuscaloosa, AL)",00,Total for all sectors,2011,1127,23969,213081,910122
8610000US35402,35402,"ZIP 35402 (Tuscaloosa, AL)",00,Total for all sectors,2011,22,f,D,D
8610000US35403,35403,"ZIP 35403 (Tuscaloosa, AL)",00,Total for all sectors,2011,60,1286,8772,36286
8610000US35404,35404,"ZIP 35404 (Tuscaloosa, AL)",00,Total for all sectors,2011,423,7969,59229,253631
8610000US35405,35405,"ZIP 35405 (Tuscaloosa, AL)",00,Total for all sectors,2011,668,10066,58505,247510
8610000US35406,35406,"ZIP 35406 (Tuscaloosa, AL)",00,Total for all sectors,2011,367,5252,52246,230286
8610000US35407,35407,"ZIP 35407 (Tuscaloosa, AL)",00,Total for all sectors,2011,13,c,S,9015
8610000US35441,35441,"ZIP 35441 (Akron, AL)",00,Total for all sectors,2011,5,17,69,283
8610000US35442,35442,"ZIP 35442 (Aliceville, AL)",00,Total for all sectors,2011,85,967,6182,27361
8610000US35443,35443,"ZIP 35443 (Boligee, AL)",00,Total for all sectors,2011,9,84,1220,3666
8610000US35444,35444,"ZIP 35444 (Brookwood, AL)",00,Total for all sectors,2011,67,2103,53892,197255
8610000US35446,35446,"ZIP 35446 (Buhl, AL)",00,Total for all sectors,2011,13,b,216,816
8610000US35447,35447,"ZIP 35447 (Carrollton, AL)",00,Total for all sectors,2011,55,708,5101,20492
8610000US35448,35448,"ZIP 35448 (Clinton, AL)",00,Total for all sectors,2011,2,a,D,D
8610000US35449,35449,"ZIP 35449 (Coaling, AL)",00,Total for all sectors,2011,3,12,40,161
8610000US35452,35452,"ZIP 35452 (Coker, AL)",00,Total for all sectors,2011,39,120,494,3167
8610000US35453,35453,"ZIP 35453 (Cottondale, AL)",00,Total for all sectors,2011,149,2349,16925,75994
8610000US35456,35456,"ZIP 35456 (Duncanville, AL)",00,Total for all sectors,2011,37,327,2361,11321
8610000US35457,35457,"ZIP 35457 (Echola, AL)",00,Total for all sectors,2011,2,a,D,D
8610000US35458,35458,"ZIP 35458 (Elrod, AL)",00,Total for all sectors,2011,1,a,D,D
8610000US35459,35459,"ZIP 35459 (Emelle, AL)",00,Total for all sectors,2011,14,c,D,D
8610000US35460,35460,"ZIP 35460 (Epes, AL)",00,Total for all sectors,2011,3,a,D,D
8610000US35461,35461,"ZIP 35461 (Ethelsville, AL)",00,Total for all sectors,2011,11,27,109,453
8610000US35462,35462,"ZIP 35462 (Eutaw, AL)",00,Total for all sectors,2011,81,1024,7130,30874
8610000US35463,35463,"ZIP 35463 (Fosters, AL)",00,Total for all sectors,2011,10,34,148,550
8610000US35464,35464,"ZIP 35464 (Gainesville, AL)",00,Total for all sectors,2011,5,b,D,D
8610000US35466,35466,"ZIP 35466 (Gordo, AL)",00,Total for all sectors,2011,59,399,2036,9414
8610000US35469,35469,"ZIP 35469 (Knoxville, AL)",00,Total for all sectors,2011,5,a,124,564
8610000US35470,35470,"ZIP 35470 (Livingston, AL)",00,Total for all sectors,2011,107,1185,7842,32585
8610000US35471,35471,"ZIP 35471 (Mc Shan, AL)",00,Total for all sectors,2011,3,b,D,D
8610000US35473,35473,"ZIP 35473 (Northport, AL)",00,Total for all sectors,2011,189,1588,10312,48742
8610000US35474,35474,"ZIP 35474 (Moundville, AL)",00,Total for all sectors,2011,64,948,7960,31914
8610000US35475,35475,"ZIP 35475 (Northport, AL)",00,Total for all sectors,2011,137,844,4801,21883
8610000US35476,35476,"ZIP 35476 (Northport, AL)",00,Total for all sectors,2011,445,7368,47636,205848
8610000US35477,35477,"ZIP 35477 (Panola, AL)",00,Total for all sectors,2011,1,a,D,D
8610000US35478,35478,"ZIP 35478 (Peterson, AL)",00,Total for all sectors,2011,3,a,D,D
8610000US35480,35480,"ZIP 35480 (Ralph, AL)",00,Total for all sectors,2011,11,37,213,1005
8610000US35481,35481,"ZIP 35481 (Reform, AL)",00,Total for all sectors,2011,69,548,3746,15412
8610000US35486,35486,"ZIP 35486 (Tuscaloosa, AL)",00,Total for all sectors,2011,11,69,236,857
8610000US35487,35487,"ZIP 35487 (Tuscaloosa, AL)",00,Total for all sectors,2011,14,f,D,D
8610000US35490,35490,"ZIP 35490 (Vance, AL)",00,Total for all sectors,2011,55,h,D,D
8610000US35501,35501,"ZIP 35501 (Jasper, AL)",00,Total for all sectors,2011,621,8616,67447,292238
8610000US35502,35502,"ZIP 35502 (Jasper, AL)",00,Total for all sectors,2011,35,253,1735,8984
8610000US35503,35503,"ZIP 35503 (Jasper, AL)",00,Total for all sectors,2011,134,1103,6123,29016
8610000US35504,35504,"ZIP 35504 (Jasper, AL)",00,Total for all sectors,2011,147,1336,9654,42702
8610000US35540,35540,"ZIP 35540 (Addison, AL)",00,Total for all sectors,2011,48,g,D,D
8610000US35541,35541,"ZIP 35541 (Arley, AL)",00,Total for all sectors,2011,48,203,1003,4351
8610000US35542,35542,"ZIP 35542 (Bankston, AL)",00,Total for all sectors,2011,7,37,168,729
8610000US35543,35543,"ZIP 35543 (Bear Creek, AL)",00,Total for all sectors,2011,15,117,761,3836
8610000US35544,35544,"ZIP 35544 (Beaverton, AL)",00,Total for all sectors,2011,3,7,61,389
8610000US35545,35545,"ZIP 35545 (Belk, AL)",00,Total for all sectors,2011,10,c,1632,6264
8610000US35546,35546,"ZIP 35546 (Berry, AL)",00,Total for all sectors,2011,47,598,9395,38395
8610000US35548,35548,"ZIP 35548 (Brilliant, AL)",00,Total for all sectors,2011,14,80,612,3456
8610000US35549,35549,"ZIP 35549 (Carbon Hill, AL)",00,Total for all sectors,2011,47,353,1981,9055
8610000US35550,35550,"ZIP 35550 (Cordova, AL)",00,Total for all sectors,2011,35,358,3539,15673
8610000US35552,35552,"ZIP 35552 (Detroit, AL)",00,Total for all sectors,2011,14,93,509,1727
8610000US35553,35553,"ZIP 35553 (Double Springs, AL)",00,Total for all sectors,2011,72,1197,6369,31064
8610000US35554,35554,"ZIP 35554 (Eldridge, AL)",00,Total for all sectors,2011,7,97,880,3028
8610000US35555,35555,"ZIP 35555 (Fayette, AL)",00,Total for all sectors,2011,238,2730,17216,70780
8610000US35559,35559,"ZIP 35559 (Glen Allen, AL)",00,Total for all sectors,2011,3,38,304,1371
8610000US35560,35560,"ZIP 35560 (Goodsprings, AL)",00,Total for all sectors,2011,4,b,D,D
8610000US35563,35563,"ZIP 35563 (Guin, AL)",00,Total for all sectors,2011,63,980,8959,37111
8610000US35564,35564,"ZIP 35564 (Hackleburg, AL)",00,Total for all sectors,2011,17,377,2016,10303
8610000US35565,35565,"ZIP 35565 (Haleyville, AL)",00,Total for all sectors,2011,268,3839,25906,108232
8610000US35570,35570,"ZIP 35570 (Hamilton, AL)",00,Total for all sectors,2011,227,2559,16558,67680
8610000US35571,35571,"ZIP 35571 (Hodges, AL)",00,Total for all sectors,2011,7,31,140,618
8610000US35572,35572,"ZIP 35572 (Houston, AL)",00,Total for all sectors,2011,9,134,1149,4498
8610000US35573,35573,"ZIP 35573 (Kansas, AL)",00,Total for all sectors,2011,3,b,D,D
8610000US35574,35574,"ZIP 35574 (Kennedy, AL)",00,Total for all sectors,2011,9,70,568,2490
8610000US35575,35575,"ZIP 35575 (Lynn, AL)",00,Total for all sectors,2011,18,b,354,1853
8610000US35576,35576,"ZIP 35576 (Millport, AL)",00,Total for all sectors,2011,40,362,2507,11530
8610000US35577,35577,"ZIP 35577 (Natural Bridge, AL)",00,Total for all sectors,2011,2,a,D,D
8610000US35578,35578,"ZIP 35578 (Nauvoo, AL)",00,Total for all sectors,2011,31,192,1247,6126
8610000US35579,35579,"ZIP 35579 (Oakman, AL)",00,Total for all sectors,2011,27,162,1074,4420
8610000US35580,35580,"ZIP 35580 (Parrish, AL)",00,Total for all sectors,2011,35,f,D,D
8610000US35581,35581,"ZIP 35581 (Phil Campbell, AL)",00,Total for all sectors,2011,43,211,1000,5696
8610000US35582,35582,"ZIP 35582 (Red Bay, AL)",00,Total for all sectors,2011,117,h,D,D
8610000US35584,35584,"ZIP 35584 (Sipsey, AL)",00,Total for all sectors,2011,5,34,332,1404
8610000US35585,35585,"ZIP 35585 (Spruce Pine, AL)",00,Total for all sectors,2011,15,52,242,1091
8610000US35586,35586,"ZIP 35586 (Sulligent, AL)",00,Total for all sectors,2011,64,f,D,D
8610000US35587,35587,"ZIP 35587 (Townley, AL)",00,Total for all sectors,2011,8,23,148,600
8610000US35592,35592,"ZIP 35592 (Vernon, AL)",00,Total for all sectors,2011,122,1428,10067,43825
8610000US35593,35593,"ZIP 35593 (Vina, AL)",00,Total for all sectors,2011,18,52,329,1775
8610000US35594,35594,"ZIP 35594 (Winfield, AL)",00,Total for all sectors,2011,191,2113,16045,69333
8610000US35601,35601,"ZIP 35601 (Decatur, AL)",00,Total for all sectors,2011,1335,23965,212638,901528
8610000US35602,35602,"ZIP 35602 (Decatur, AL)",00,Total for all sectors,2011,81,1435,13058,55424
8610000US35603,35603,"ZIP 35603 (Decatur, AL)",00,Total for all sectors,2011,499,6750,46927,197224
8610000US35609,35609,"ZIP 35609 (Decatur, AL)",00,Total for all sectors,2011,20,1852,28247,107917
8610000US35610,35610,"ZIP 35610 (Anderson, AL)",00,Total for all sectors,2011,14,48,178,746
8610000US35611,35611,"ZIP 35611 (Athens, AL)",00,Total for all sectors,2011,677,8427,59928,260519
8610000US35612,35612,"ZIP 35612 (Athens, AL)",00,Total for all sectors,2011,39,265,1836,8478
8610000US35613,35613,"ZIP 35613 (Athens, AL)",00,Total for all sectors,2011,183,1706,13329,55903
8610000US35614,35614,"ZIP 35614 (Athens, AL)",00,Total for all sectors,2011,45,170,913,4259
8610000US35615,35615,"ZIP 35615 (Belle Mina, AL)",00,Total for all sectors,2011,2,a,D,D
8610000US35616,35616,"ZIP 35616 (Cherokee, AL)",00,Total for all sectors,2011,46,1053,12395,53107
8610000US35617,35617,"ZIP 35617 (Cloverdale, AL)",00,Total for all sectors,2011,2,a,D,D
8610000US35618,35618,"ZIP 35618 (Courtland, AL)",00,Total for all sectors,2011,37,1610,33116,136838
8610000US35619,35619,"ZIP 35619 (Danville, AL)",00,Total for all sectors,2011,34,157,772,3588
8610000US35620,35620,"ZIP 35620 (Elkmont, AL)",00,Total for all sectors,2011,61,415,2830,11992
8610000US35621,35621,"ZIP 35621 (Eva, AL)",00,Total for all sectors,2011,36,165,742,3008
8610000US35622,35622,"ZIP 35622 (Falkville, AL)",00,Total for all sectors,2011,66,999,6262,27461
8610000US35630,35630,"ZIP 35630 (Florence, AL)",00,Total for all sectors,2011,1285,19308,124420,535205
8610000US35631,35631,"ZIP 35631 (Florence, AL)",00,Total for all sectors,2011,30,560,4779,20358
8610000US35632,35632,"ZIP 35632 (Florence, AL)",00,Total for all sectors,2011,10,c,D,D
8610000US35633,35633,"ZIP 35633 (Florence, AL)",00,Total for all sectors,2011,170,1275,7146,30492
8610000US35634,35634,"ZIP 35634 (Florence, AL)",00,Total for all sectors,2011,127,865,6247,25013
8610000US35640,35640,"ZIP 35640 (Hartselle, AL)",00,Total for all sectors,2011,396,4699,31947,130641
8610000US35643,35643,"ZIP 35643 (Hillsboro, AL)",00,Total for all sectors,2011,32,197,1654,8053
8610000US35645,35645,"ZIP 35645 (Killen, AL)",00,Total for all sectors,2011,152,1029,5520,24309
8610000US35646,35646,"ZIP 35646 (Leighton, AL)",00,Total for all sectors,2011,50,370,2391,12277
8610000US35647,35647,"ZIP 35647 (Lester, AL)",00,Total for all sectors,2011,3,5,34,209
8610000US35648,35648,"ZIP 35648 (Lexington, AL)",00,Total for all sectors,2011,40,197,1064,4455
8610000US35649,35649,"ZIP 35649 (Mooresville, AL)",00,Total for all sectors,2011,4,b,D,D
8610000US35650,35650,"ZIP 35650 (Moulton, AL)",00,Total for all sectors,2011,230,2474,15671,70127
8610000US35651,35651,"ZIP 35651 (Mount Hope, AL)",00,Total for all sectors,2011,5,43,159,613
8610000US35652,35652,"ZIP 35652 (Rogersville, AL)",00,Total for all sectors,2011,135,1036,5220,21380
8610000US35653,35653,"ZIP 35653 (Russellville, AL)",00,Total for all sectors,2011,297,i,S,152547
8610000US35654,35654,"ZIP 35654 (Russellville, AL)",00,Total for all sectors,2011,73,613,3692,18516
8610000US35660,35660,"ZIP 35660 (Sheffield, AL)",00,Total for all sectors,2011,258,3957,29539,132637
8610000US35661,35661,"ZIP 35661 (Muscle Shoals, AL)",00,Total for all sectors,2011,511,9666,76381,338911
8610000US35662,35662,"ZIP 35662 (Muscle Shoals, AL)",00,Total for all sectors,2011,26,430,4720,22777
8610000US35670,35670,"ZIP 35670 (Somerville, AL)",00,Total for all sectors,2011,64,e,D,D
8610000US35671,35671,"ZIP 35671 (Tanner, AL)",00,Total for all sectors,2011,33,271,3530,13095
8610000US35672,35672,"ZIP 35672 (Town Creek, AL)",00,Total for all sectors,2011,50,251,989,5020
8610000US35673,35673,"ZIP 35673 (Trinity, AL)",00,Total for all sectors,2011,88,1487,24046,95666
8610000US35674,35674,"ZIP 35674 (Tuscumbia, AL)",00,Total for all sectors,2011,347,3409,23910,105257
8610000US35677,35677,"ZIP 35677 (Waterloo, AL)",00,Total for all sectors,2011,10,b,337,2002
8610000US35739,35739,"ZIP 35739 (Ardmore, AL)",00,Total for all sectors,2011,75,420,2343,9906
8610000US35740,35740,"ZIP 35740 (Bridgeport, AL)",00,Total for all sectors,2011,34,1037,7240,30502
8610000US35741,35741,"ZIP 35741 (Brownsboro, AL)",00,Total for all sectors,2011,56,504,5494,20411
8610000US35742,35742,"ZIP 35742 (Capshaw, AL)",00,Total for all sectors,2011,4,b,D,D
8610000US35744,35744,"ZIP 35744 (Dutton, AL)",00,Total for all sectors,2011,13,64,215,1059
8610000US35745,35745,"ZIP 35745 (Estillfork, AL)",00,Total for all sectors,2011,3,a,D,D
8610000US35747,35747,"ZIP 35747 (Grant, AL)",00,Total for all sectors,2011,58,418,2791,11834
8610000US35748,35748,"ZIP 35748 (Gurley, AL)",00,Total for all sectors,2011,61,274,1663,7299
8610000US35749,35749,"ZIP 35749 (Harvest, AL)",00,Total for all sectors,2011,127,717,4343,19750
8610000US35750,35750,"ZIP 35750 (Hazel Green, AL)",00,Total for all sectors,2011,128,981,6238,28322
8610000US35751,35751,"ZIP 35751 (Hollytree, AL)",00,Total for all sectors,2011,3,15,S,362
8610000US35752,35752,"ZIP 35752 (Hollywood, AL)",00,Total for all sectors,2011,28,419,7392,30621
8610000US35754,35754,"ZIP 35754 (Laceys Spring, AL)",00,Total for all sectors,2011,70,391,2528,10410
8610000US35755,35755,"ZIP 35755 (Langston, AL)",00,Total for all sectors,2011,5,33,109,564
8610000US35756,35756,"ZIP 35756 (Madison, AL)",00,Total for all sectors,2011,102,1633,14052,60443
8610000US35757,35757,"ZIP 35757 (Madison, AL)",00,Total for all sectors,2011,91,636,2966,12980
8610000US35758,35758,"ZIP 35758 (Madison, AL)",00,Total for all sectors,2011,1008,16308,152966,653819
8610000US35759,35759,"ZIP 35759 (Meridianville, AL)",00,Total for all sectors,2011,96,858,6286,26569
8610000US35760,35760,"ZIP 35760 (New Hope, AL)",00,Total for all sectors,2011,49,284,1673,7559
8610000US35761,35761,"ZIP 35761 (New Market, AL)",00,Total for all sectors,2011,66,284,1528,6743
8610000US35762,35762,"ZIP 35762 (Normal, AL)",00,Total for all sectors,2011,4,c,D,D
8610000US35763,35763,"ZIP 35763 (Owens Cross Roads, AL)",00,Total for all sectors,2011,213,2089,12435,53018
8610000US35764,35764,"ZIP 35764 (Paint Rock, AL)",00,Total for all sectors,2011,7,91,499,2166
8610000US35765,35765,"ZIP 35765 (Pisgah, AL)",00,Total for all sectors,2011,26,138,750,3312
8610000US35766,35766,"ZIP 35766 (Princeton, AL)",00,Total for all sectors,2011,3,4,22,61
8610000US35767,35767,"ZIP 35767 (Ryland, AL)",00,Total for all sectors,2011,1,a,D,D
8610000US35768,35768,"ZIP 35768 (Scottsboro, AL)",00,Total for all sectors,2011,428,7093,47416,195223
8610000US35769,35769,"ZIP 35769 (Scottsboro, AL)",00,Total for all sectors,2011,144,1630,11787,49608
8610000US35771,35771,"ZIP 35771 (Section, AL)",00,Total for all sectors,2011,40,202,905,3800
8610000US35772,35772,"ZIP 35772 (Stevenson, AL)",00,Total for all sectors,2011,66,1183,13499,56024
8610000US35773,35773,"ZIP 35773 (Toney, AL)",00,Total for all sectors,2011,84,516,2986,13903
8610000US35774,35774,"ZIP 35774 (Trenton, AL)",00,Total for all sectors,2011,1,a,D,D
8610000US35775,35775,"ZIP 35775 (Valhermoso Springs, AL)",00,Total for all sectors,2011,3,a,70,266
8610000US35776,35776,"ZIP 35776 (Woodville, AL)",00,Total for all sectors,2011,17,99,531,3063
8610000US35801,35801,"ZIP 35801 (Huntsville, AL)",00,Total for all sectors,2011,1874,31288,297323,1338520
8610000US35802,35802,"ZIP 35802 (Huntsville, AL)",00,Total for all sectors,2011,571,8399,69020,300161
8610000US35803,35803,"ZIP 35803 (Huntsville, AL)",00,Total for all sectors,2011,335,5180,39154,160634
8610000US35804,35804,"ZIP 35804 (Huntsville, AL)",00,Total for all sectors,2011,42,379,2987,12581
8610000US35805,35805,"ZIP 35805 (Huntsville, AL)",00,Total for all sectors,2011,727,19345,269878,1120004
8610000US35806,35806,"ZIP 35806 (Huntsville, AL)",00,Total for all sectors,2011,849,29363,407159,1666100
8610000US35807,35807,"ZIP 35807 (Huntsville, AL)",00,Total for all sectors,2011,12,356,4895,19483
8610000US35808,35808,"ZIP 35808 (Huntsville, AL)",00,Total for all sectors,2011,13,84,870,3679
8610000US35809,35809,"ZIP 35809 (Huntsville, AL)",00,Total for all sectors,2011,6,48,427,1742
8610000US35810,35810,"ZIP 35810 (Huntsville, AL)",00,Total for all sectors,2011,343,5442,44906,185570
8610000US35811,35811,"ZIP 35811 (Huntsville, AL)",00,Total for all sectors,2011,394,8161,69440,287708
8610000US35812,35812,"ZIP 35812 (Huntsville, AL)",00,Total for all sectors,2011,24,917,14088,59325
8610000US35813,35813,"ZIP 35813 (Huntsville, AL)",00,Total for all sectors,2011,4,201,2486,11820
8610000US35814,35814,"ZIP 35814 (Huntsville, AL)",00,Total for all sectors,2011,14,f,D,D
8610000US35815,35815,"ZIP 35815 (Huntsville, AL)",00,Total for all sectors,2011,7,b,D,D
8610000US35816,35816,"ZIP 35816 (Huntsville, AL)",00,Total for all sectors,2011,580,7454,67229,284241
8610000US35824,35824,"ZIP 35824 (Huntsville, AL)",00,Total for all sectors,2011,137,5940,102579,420760
8610000US35893,35893,"ZIP 35893 (Huntsville, AL)",00,Total for all sectors,2011,2,e,D,D
8610000US35896,35896,"ZIP 35896 (Huntsville, AL)",00,Total for all sectors,2011,9,g,D,D
8610000US35898,35898,"ZIP 35898 (Huntsville, AL)",00,Total for all sectors,2011,68,813,12808,53544
8610000US35899,35899,"ZIP 35899 (Huntsville, AL)",00,Total for all sectors,2011,10,c,545,2191
8610000US35901,35901,"ZIP 35901 (Gadsden, AL)",00,Total for all sectors,2011,720,8674,57277,251873
8610000US35902,35902,"ZIP 35902 (Gadsden, AL)",00,Total for all sectors,2011,48,581,5447,24227
8610000US35903,35903,"ZIP 35903 (Gadsden, AL)",00,Total for all sectors,2011,344,8445,75523,315402
8610000US35904,35904,"ZIP 35904 (Gadsden, AL)",00,Total for all sectors,2011,174,3073,22105,94764
8610000US35905,35905,"ZIP 35905 (Gadsden, AL)",00,Total for all sectors,2011,81,772,4353,18245
8610000US35906,35906,"ZIP 35906 (Rainbow City, AL)",00,Total for all sectors,2011,293,3831,25392,111362
8610000US35907,35907,"ZIP 35907 (Gadsden, AL)",00,Total for all sectors,2011,70,465,2178,9968
8610000US35950,35950,"ZIP 35950 (Albertville, AL)",00,Total for all sectors,2011,508,10479,75184,298718
8610000US35951,35951,"ZIP 35951 (Albertville, AL)",00,Total for all sectors,2011,110,1720,10777,46226
8610000US35952,35952,"ZIP 35952 (Altoona, AL)",00,Total for all sectors,2011,64,427,2056,8986
8610000US35953,35953,"ZIP 35953 (Ashville, AL)",00,Total for all sectors,2011,97,513,2795,12332
8610000US35954,35954,"ZIP 35954 (Attalla, AL)",00,Total for all sectors,2011,179,2531,15016,62712
8610000US35956,35956,"ZIP 35956 (Boaz, AL)",00,Total for all sectors,2011,55,361,1873,7592
8610000US35957,35957,"ZIP 35957 (Boaz, AL)",00,Total for all sectors,2011,315,7386,47562,204470
8610000US35958,35958,"ZIP 35958 (Bryant, AL)",00,Total for all sectors,2011,25,e,D,D
8610000US35959,35959,"ZIP 35959 (Cedar Bluff, AL)",00,Total for all sectors,2011,42,199,935,4117
8610000US35960,35960,"ZIP 35960 (Centre, AL)",00,Total for all sectors,2011,238,2351,14501,61853
8610000US35961,35961,"ZIP 35961 (Collinsville, AL)",00,Total for all sectors,2011,45,1625,9462,42635
8610000US35962,35962,"ZIP 35962 (Crossville, AL)",00,Total for all sectors,2011,61,686,5702,21426
8610000US35963,35963,"ZIP 35963 (Dawson, AL)",00,Total for all sectors,2011,3,4,S,51
8610000US35964,35964,"ZIP 35964 (Douglas, AL)",00,Total for all sectors,2011,11,48,272,1008
8610000US35966,35966,"ZIP 35966 (Flat Rock, AL)",00,Total for all sectors,2011,21,71,379,3011
8610000US35967,35967,"ZIP 35967 (Fort Payne, AL)",00,Total for all sectors,2011,403,6011,45013,186032
8610000US35968,35968,"ZIP 35968 (Fort Payne, AL)",00,Total for all sectors,2011,143,3107,21702,89089
8610000US35971,35971,"ZIP 35971 (Fyffe, AL)",00,Total for all sectors,2011,71,746,4448,19563
8610000US35972,35972,"ZIP 35972 (Gallant, AL)",00,Total for all sectors,2011,3,b,D,D
8610000US35973,35973,"ZIP 35973 (Gaylesville, AL)",00,Total for all sectors,2011,12,48,279,1201
8610000US35974,35974,"ZIP 35974 (Geraldine, AL)",00,Total for all sectors,2011,30,370,2326,9216
8610000US35975,35975,"ZIP 35975 (Groveoak, AL)",00,Total for all sectors,2011,1,a,D,D
8610000US35976,35976,"ZIP 35976 (Guntersville, AL)",00,Total for all sectors,2011,475,7110,45761,196502
8610000US35978,35978,"ZIP 35978 (Henagar, AL)",00,Total for all sectors,2011,60,f,4272,19752
8610000US35979,35979,"ZIP 35979 (Higdon, AL)",00,Total for all sectors,2011,11,50,269,1226
8610000US35980,35980,"ZIP 35980 (Horton, AL)",00,Total for all sectors,2011,22,b,S,1964
8610000US35981,35981,"ZIP 35981 (Ider, AL)",00,Total for all sectors,2011,20,169,927,3490
8610000US35983,35983,"ZIP 35983 (Leesburg, AL)",00,Total for all sectors,2011,37,863,5942,28702
8610000US35984,35984,"ZIP 35984 (Mentone, AL)",00,Total for all sectors,2011,21,99,624,3766
8610000US35986,35986,"ZIP 35986 (Rainsville, AL)",00,Total for all sectors,2011,166,2217,15617,69847
8610000US35987,35987,"ZIP 35987 (Steele, AL)",00,Total for all sectors,2011,36,615,5640,23630
8610000US35988,35988,"ZIP 35988 (Sylvania, AL)",00,Total for all sectors,2011,25,228,1055,4553
8610000US35989,35989,"ZIP 35989 (Valley Head, AL)",00,Total for all sectors,2011,34,491,2935,13250
8610000US35990,35990,"ZIP 35990 (Walnut Grove, AL)",00,Total for all sectors,2011,6,24,234,933
8610000US36003,36003,"ZIP 36003 (Autaugaville, AL)",00,Total for all sectors,2011,17,126,1005,3535
8610000US36005,36005,"ZIP 36005 (Banks, AL)",00,Total for all sectors,2011,6,49,273,1220
8610000US36006,36006,"ZIP 36006 (Billingsley, AL)",00,Total for all sectors,2011,16,c,D,D
8610000US36008,36008,"ZIP 36008 (Booth, AL)",00,Total for all sectors,2011,1,a,D,D
8610000US36009,36009,"ZIP 36009 (Brantley, AL)",00,Total for all sectors,2011,46,337,2235,10374
8610000US36010,36010,"ZIP 36010 (Brundidge, AL)",00,Total for all sectors,2011,77,1571,12113,46046
8610000US36013,36013,"ZIP 36013 (Cecil, AL)",00,Total for all sectors,2011,10,122,816,3408
8610000US36015,36015,"ZIP 36015 (Chapman, AL)",00,Total for all sectors,2011,5,e,D,D
8610000US36016,36016,"ZIP 36016 (Clayton, AL)",00,Total for all sectors,2011,51,359,2673,11267
8610000US36017,36017,"ZIP 36017 (Clio, AL)",00,Total for all sectors,2011,9,78,604,2699
8610000US36020,36020,"ZIP 36020 (Coosada, AL)",00,Total for all sectors,2011,14,170,1487,5798
8610000US36022,36022,"ZIP 36022 (Deatsville, AL)",00,Total for all sectors,2011,65,304,1763,7976
8610000US36023,36023,"ZIP 36023 (East Tallassee, AL)",00,Total for all sectors,2011,1,a,D,D
8610000US36024,36024,"ZIP 36024 (Eclectic, AL)",00,Total for all sectors,2011,70,670,4431,18930
8610000US36025,36025,"ZIP 36025 (Elmore, AL)",00,Total for all sectors,2011,40,435,2929,12723
8610000US36026,36026,"ZIP 36026 (Equality, AL)",00,Total for all sectors,2011,8,59,373,1572
8610000US36027,36027,"ZIP 36027 (Eufaula, AL)",00,Total for all sectors,2011,393,6701,48986,195982
8610000US36028,36028,"ZIP 36028 (Dozier, AL)",00,Total for all sectors,2011,11,57,475,1844
8610000US36029,36029,"ZIP 36029 (Fitzpatrick, AL)",00,Total for all sectors,2011,9,42,206,846
8610000US36030,36030,"ZIP 36030 (Forest Home, AL)",00,Total for all sectors,2011,2,a,D,D
8610000US36032,36032,"ZIP 36032 (Fort Deposit, AL)",00,Total for all sectors,2011,33,622,3662,15479
8610000US36033,36033,"ZIP 36033 (Georgiana, AL)",00,Total for all sectors,2011,55,645,3176,13863
8610000US36034,36034,"ZIP 36034 (Glenwood, AL)",00,Total for all sectors,2011,8,70,579,2317
8610000US36035,36035,"ZIP 36035 (Goshen, AL)",00,Total for all sectors,2011,27,113,508,2852
8610000US36036,36036,"ZIP 36036 (Grady, AL)",00,Total for all sectors,2011,7,45,176,701
8610000US36037,36037,"ZIP 36037 (Greenville, AL)",00,Total for all sectors,2011,330,4292,27314,117530
8610000US36038,36038,"ZIP 36038 (Gantt, AL)",00,Total for all sectors,2011,9,29,100,521
8610000US36039,36039,"ZIP 36039 (Hardaway, AL)",00,Total for all sectors,2011,2,a,D,D
8610000US36040,36040,"ZIP 36040 (Hayneville, AL)",00,Total for all sectors,2011,37,331,1764,6538
8610000US36041,36041,"ZIP 36041 (Highland Home, AL)",00,Total for all sectors,2011,21,185,977,4292
8610000US36042,36042,"ZIP 36042 (Honoraville, AL)",00,Total for all sectors,2011,5,b,D,D
8610000US36043,36043,"ZIP 36043 (Hope Hull, AL)",00,Total for all sectors,2011,56,1186,10375,51319
8610000US36045,36045,"ZIP 36045 (Kent, AL)",00,Total for all sectors,2011,1,a,D,D
8610000US36046,36046,"ZIP 36046 (Lapine, AL)",00,Total for all sectors,2011,14,84,592,2714
8610000US36047,36047,"ZIP 36047 (Letohatchee, AL)",00,Total for all sectors,2011,11,b,D,D
8610000US36048,36048,"ZIP 36048 (Louisville, AL)",00,Total for all sectors,2011,22,330,2175,8621
8610000US36049,36049,"ZIP 36049 (Luverne, AL)",00,Total for all sectors,2011,130,2524,17405,80099
8610000US36051,36051,"ZIP 36051 (Marbury, AL)",00,Total for all sectors,2011,13,b,328,1501
8610000US36052,36052,"ZIP 36052 (Mathews, AL)",00,Total for all sectors,2011,10,24,146,912
8610000US36053,36053,"ZIP 36053 (Midway, AL)",00,Total for all sectors,2011,8,49,278,1208
8610000US36054,36054,"ZIP 36054 (Millbrook, AL)",00,Total for all sectors,2011,246,2295,13276,55040
8610000US36057,36057,"ZIP 36057 (Mount Meigs, AL)",00,Total for all sectors,2011,13,326,3190,13087
8610000US36064,36064,"ZIP 36064 (Pike Road, AL)",00,Total for all sectors,2011,81,400,2832,12171
8610000US36065,36065,"ZIP 36065 (Pine Level, AL)",00,Total for all sectors,2011,5,57,268,1560
8610000US36066,36066,"ZIP 36066 (Prattville, AL)",00,Total for all sectors,2011,349,5679,29426,121807
8610000US36067,36067,"ZIP 36067 (Prattville, AL)",00,Total for all sectors,2011,415,4426,33562,142111
8610000US36068,36068,"ZIP 36068 (Prattville, AL)",00,Total for all sectors,2011,15,162,638,2707
8610000US36069,36069,"ZIP 36069 (Ramer, AL)",00,Total for all sectors,2011,22,143,928,4157
8610000US36071,36071,"ZIP 36071 (Rutledge, AL)",00,Total for all sectors,2011,11,53,238,967
8610000US36072,36072,"ZIP 36072 (Eufaula, AL)",00,Total for all sectors,2011,17,71,234,959
8610000US36075,36075,"ZIP 36075 (Shorter, AL)",00,Total for all sectors,2011,22,498,3977,16511
8610000US36078,36078,"ZIP 36078 (Tallassee, AL)",00,Total for all sectors,2011,228,4567,40186,167547
8610000US36079,36079,"ZIP 36079 (Troy, AL)",00,Total for all sectors,2011,108,2297,21569,98780
8610000US36080,36080,"ZIP 36080 (Titus, AL)",00,Total for all sectors,2011,24,207,1892,7095
8610000US36081,36081,"ZIP 36081 (Troy, AL)",00,Total for all sectors,2011,428,6223,42322,195153
8610000US36082,36082,"ZIP 36082 (Troy, AL)",00,Total for all sectors,2011,10,c,D,D
8610000US36083,36083,"ZIP 36083 (Tuskegee, AL)",00,Total for all sectors,2011,129,2422,25061,111175
8610000US36087,36087,"ZIP 36087 (Tuskegee Institute, AL)",00,Total for all sectors,2011,5,a,D,D
8610000US36088,36088,"ZIP 36088 (Tuskegee Institute, AL)",00,Total for all sectors,2011,12,g,D,D
8610000US36089,36089,"ZIP 36089 (Union Springs, AL)",00,Total for all sectors,2011,101,2098,11462,52728
8610000US36091,36091,"ZIP 36091 (Verbena, AL)",00,Total for all sectors,2011,21,87,S,2210
8610000US36092,36092,"ZIP 36092 (Wetumpka, AL)",00,Total for all sectors,2011,355,4772,30632,127451
8610000US36093,36093,"ZIP 36093 (Wetumpka, AL)",00,Total for all sectors,2011,84,511,2809,12351
8610000US36101,36101,"ZIP 36101 (Montgomery, AL)",00,Total for all sectors,2011,34,591,4135,19406
8610000US36102,36102,"ZIP 36102 (Montgomery, AL)",00,Total for all sectors,2011,11,c,316,1207
8610000US36103,36103,"ZIP 36103 (Montgomery, AL)",00,Total for all sectors,2011,14,150,1555,6372
8610000US36104,36104,"ZIP 36104 (Montgomery, AL)",00,Total for all sectors,2011,745,11946,131082,557099
8610000US36105,36105,"ZIP 36105 (Montgomery, AL)",00,Total for all sectors,2011,200,7305,94162,366652
8610000US36106,36106,"ZIP 36106 (Montgomery, AL)",00,Total for all sectors,2011,644,9640,92354,390631
8610000US36107,36107,"ZIP 36107 (Montgomery, AL)",00,Total for all sectors,2011,229,3152,22611,81243
8610000US36108,36108,"ZIP 36108 (Montgomery, AL)",00,Total for all sectors,2011,367,7335,69805,294001
8610000US36109,36109,"ZIP 36109 (Montgomery, AL)",00,Total for all sectors,2011,479,11389,120165,496296
8610000US36110,36110,"ZIP 36110 (Montgomery, AL)",00,Total for all sectors,2011,170,2514,19107,85151
8610000US36111,36111,"ZIP 36111 (Montgomery, AL)",00,Total for all sectors,2011,155,1556,14471,68611
8610000US36112,36112,"ZIP 36112 (Montgomery, AL)",00,Total for all sectors,2011,33,594,5441,22458
8610000US36113,36113,"ZIP 36113 (Montgomery, AL)",00,Total for all sectors,2011,3,b,D,D
8610000US36114,36114,"ZIP 36114 (Montgomery, AL)",00,Total for all sectors,2011,22,447,6383,25533
8610000US36115,36115,"ZIP 36115 (Montgomery, AL)",00,Total for all sectors,2011,5,b,D,D
8610000US36116,36116,"ZIP 36116 (Montgomery, AL)",00,Total for all sectors,2011,642,12791,106997,449420
8610000US36117,36117,"ZIP 36117 (Montgomery, AL)",00,Total for all sectors,2011,1516,24312,187488,777199
8610000US36118,36118,"ZIP 36118 (Montgomery, AL)",00,Total for all sectors,2011,2,a,D,D
8610000US36120,36120,"ZIP 36120 (Montgomery, AL)",00,Total for all sectors,2011,3,a,D,D
8610000US36121,36121,"ZIP 36121 (Montgomery, AL)",00,Total for all sectors,2011,16,689,5675,23613
8610000US36123,36123,"ZIP 36123 (Montgomery, AL)",00,Total for all sectors,2011,17,209,2091,9551
8610000US36124,36124,"ZIP 36124 (Montgomery, AL)",00,Total for all sectors,2011,17,1037,14572,53496
8610000US36125,36125,"ZIP 36125 (Montgomery, AL)",00,Total for all sectors,2011,1,f,D,D
8610000US36130,36130,"ZIP 36130 (Montgomery, AL)",00,Total for all sectors,2011,5,38,202,803
8610000US36131,36131,"ZIP 36131 (Montgomery, AL)",00,Total for all sectors,2011,1,a,D,D
8610000US36140,36140,"ZIP 36140 (Montgomery, AL)",00,Total for all sectors,2011,1,a,D,D
8610000US36201,36201,"ZIP 36201 (Anniston, AL)",00,Total for all sectors,2011,582,8556,85261,340616
8610000US36202,36202,"ZIP 36202 (Anniston, AL)",00,Total for all sectors,2011,119,1411,13221,53927
8610000US36203,36203,"ZIP 36203 (Oxford, AL)",00,Total for all sectors,2011,531,8867,53224,223637
8610000US36204,36204,"ZIP 36204 (Anniston, AL)",00,Total for all sectors,2011,5,40,139,617
8610000US36205,36205,"ZIP 36205 (Anniston, AL)",00,Total for all sectors,2011,23,820,7133,29326
8610000US36206,36206,"ZIP 36206 (Anniston, AL)",00,Total for all sectors,2011,154,3197,21118,94459
8610000US36207,36207,"ZIP 36207 (Anniston, AL)",00,Total for all sectors,2011,374,6408,61935,265397
8610000US36250,36250,"ZIP 36250 (Alexandria, AL)",00,Total for all sectors,2011,84,683,4263,18051
8610000US36251,36251,"ZIP 36251 (Ashland, AL)",00,Total for all sectors,2011,82,1567,9416,38071
8610000US36253,36253,"ZIP 36253 (Bynum, AL)",00,Total for all sectors,2011,7,b,D,D
8610000US36254,36254,"ZIP 36254 (Choccolocco, AL)",00,Total for all sectors,2011,3,12,42,148
8610000US36255,36255,"ZIP 36255 (Cragford, AL)",00,Total for all sectors,2011,8,f,D,D
8610000US36256,36256,"ZIP 36256 (Daviston, AL)",00,Total for all sectors,2011,17,59,247,1145
8610000US36257,36257,"ZIP 36257 (De Armanville, AL)",00,Total for all sectors,2011,2,a,D,D
8610000US36258,36258,"ZIP 36258 (Delta, AL)",00,Total for all sectors,2011,13,b,233,1054
8610000US36260,36260,"ZIP 36260 (Eastaboga, AL)",00,Total for all sectors,2011,44,1142,8347,36029
8610000US36262,36262,"ZIP 36262 (Fruithurst, AL)",00,Total for all sectors,2011,10,142,692,2626
8610000US36263,36263,"ZIP 36263 (Graham, AL)",00,Total for all sectors,2011,3,6,S,93
8610000US36264,36264,"ZIP 36264 (Heflin, AL)",00,Total for all sectors,2011,107,1271,10018,50033
8610000US36265,36265,"ZIP 36265 (Jacksonville, AL)",00,Total for all sectors,2011,239,3618,21338,87189
8610000US36266,36266,"ZIP 36266 (Lineville, AL)",00,Total for all sectors,2011,82,742,3982,16988
8610000US36267,36267,"ZIP 36267 (Millerville, AL)",00,Total for all sectors,2011,1,a,D,D
8610000US36268,36268,"ZIP 36268 (Munford, AL)",00,Total for all sectors,2011,49,438,3091,13663
8610000US36269,36269,"ZIP 36269 (Muscadine, AL)",00,Total for all sectors,2011,4,9,27,114
8610000US36271,36271,"ZIP 36271 (Ohatchee, AL)",00,Total for all sectors,2011,50,e,S,10339
8610000US36272,36272,"ZIP 36272 (Piedmont, AL)",00,Total for all sectors,2011,130,1376,7967,34696
8610000US36273,36273,"ZIP 36273 (Ranburne, AL)",00,Total for all sectors,2011,33,177,1037,5275
8610000US36274,36274,"ZIP 36274 (Roanoke, AL)",00,Total for all sectors,2011,186,2486,16047,59797
8610000US36276,36276,"ZIP 36276 (Wadley, AL)",00,Total for all sectors,2011,32,167,1271,6322
8610000US36277,36277,"ZIP 36277 (Weaver, AL)",00,Total for all sectors,2011,16,66,266,1149
8610000US36278,36278,"ZIP 36278 (Wedowee, AL)",00,Total for all sectors,2011,83,695,4238,19244
8610000US36279,36279,"ZIP 36279 (Wellington, AL)",00,Total for all sectors,2011,14,88,713,2895
8610000US36280,36280,"ZIP 36280 (Woodland, AL)",00,Total for all sectors,2011,36,134,636,2927
8610000US36301,36301,"ZIP 36301 (Dothan, AL)",00,Total for all sectors,2011,976,13801,106499,467060
8610000US36302,36302,"ZIP 36302 (Dothan, AL)",00,Total for all sectors,2011,66,671,5392,22333
8610000US36303,36303,"ZIP 36303 (Dothan, AL)",00,Total for all sectors,2011,1154,20670,148045,626225
8610000US36304,36304,"ZIP 36304 (Dothan, AL)",00,Total for all sectors,2011,18,88,661,2854
8610000US36305,36305,"ZIP 36305 (Dothan, AL)",00,Total for all sectors,2011,316,5542,45910,224286
8610000US36310,36310,"ZIP 36310 (Abbeville, AL)",00,Total for all sectors,2011,148,1543,10486,47582
8610000US36311,36311,"ZIP 36311 (Ariton, AL)",00,Total for all sectors,2011,36,255,2141,9849
8610000US36312,36312,"ZIP 36312 (Ashford, AL)",00,Total for all sectors,2011,76,902,8747,31638
8610000US36313,36313,"ZIP 36313 (Bellwood, AL)",00,Total for all sectors,2011,2,a,D,D
8610000US36314,36314,"ZIP 36314 (Black, AL)",00,Total for all sectors,2011,3,a,D,D
8610000US36316,36316,"ZIP 36316 (Chancellor, AL)",00,Total for all sectors,2011,28,74,371,1476
8610000US36318,36318,"ZIP 36318 (Coffee Springs, AL)",00,Total for all sectors,2011,4,a,D,D
8610000US36319,36319,"ZIP 36319 (Columbia, AL)",00,Total for all sectors,2011,27,g,D,D
8610000US36320,36320,"ZIP 36320 (Cottonwood, AL)",00,Total for all sectors,2011,29,405,3746,15934
8610000US36321,36321,"ZIP 36321 (Cowarts, AL)",00,Total for all sectors,2011,21,477,3188,12611
8610000US36322,36322,"ZIP 36322 (Daleville, AL)",00,Total for all sectors,2011,160,1489,11945,47897
8610000US36323,36323,"ZIP 36323 (Elba, AL)",00,Total for all sectors,2011,129,1419,9086,40709
8610000US36330,36330,"ZIP 36330 (Enterprise, AL)",00,Total for all sectors,2011,737,8335,55519,234258
8610000US36331,36331,"ZIP 36331 (Enterprise, AL)",00,Total for all sectors,2011,24,f,D,D
8610000US36340,36340,"ZIP 36340 (Geneva, AL)",00,Total for all sectors,2011,162,2143,17784,71261
8610000US36343,36343,"ZIP 36343 (Gordon, AL)",00,Total for all sectors,2011,6,b,D,D
8610000US36344,36344,"ZIP 36344 (Hartford, AL)",00,Total for all sectors,2011,81,704,4237,18853
8610000US36345,36345,"ZIP 36345 (Headland, AL)",00,Total for all sectors,2011,143,1122,7926,32438
8610000US36346,36346,"ZIP 36346 (Jack, AL)",00,Total for all sectors,2011,9,g,D,D
8610000US36349,36349,"ZIP 36349 (Malvern, AL)",00,Total for all sectors,2011,6,b,D,D
8610000US36350,36350,"ZIP 36350 (Midland City, AL)",00,Total for all sectors,2011,64,678,4607,20252
8610000US36351,36351,"ZIP 36351 (New Brockton, AL)",00,Total for all sectors,2011,32,255,1525,6439
8610000US36352,36352,"ZIP 36352 (Newton, AL)",00,Total for all sectors,2011,77,342,2109,9386
8610000US36353,36353,"ZIP 36353 (Newville, AL)",00,Total for all sectors,2011,15,58,320,1410
8610000US36360,36360,"ZIP 36360 (Ozark, AL)",00,Total for all sectors,2011,367,4012,25516,106423
8610000US36361,36361,"ZIP 36361 (Ozark, AL)",00,Total for all sectors,2011,23,c,722,3084
8610000US36362,36362,"ZIP 36362 (Fort Rucker, AL)",00,Total for all sectors,2011,71,5959,87257,377290
8610000US36370,36370,"ZIP 36370 (Pansey, AL)",00,Total for all sectors,2011,2,a,D,D
8610000US36371,36371,"ZIP 36371 (Pinckard, AL)",00,Total for all sectors,2011,8,104,1142,4438
8610000US36373,36373,"ZIP 36373 (Shorterville, AL)",00,Total for all sectors,2011,4,b,D,D
8610000US36374,36374,"ZIP 36374 (Skipperville, AL)",00,Total for all sectors,2011,4,5,24,81
8610000US36375,36375,"ZIP 36375 (Slocomb, AL)",00,Total for all sectors,2011,68,387,2382,10161
8610000US36376,36376,"ZIP 36376 (Webb, AL)",00,Total for all sectors,2011,18,355,2632,12061
8610000US36401,36401,"ZIP 36401 (Evergreen, AL)",00,Total for all sectors,2011,168,2029,14519,57889
8610000US36420,36420,"ZIP 36420 (Andalusia, AL)",00,Total for all sectors,2011,464,6623,48271,204049
8610000US36421,36421,"ZIP 36421 (Andalusia, AL)",00,Total for all sectors,2011,90,855,6022,27365
8610000US36425,36425,"ZIP 36425 (Beatrice, AL)",00,Total for all sectors,2011,19,195,2241,8689
8610000US36426,36426,"ZIP 36426 (Brewton, AL)",00,Total for all sectors,2011,315,4234,35681,145849
8610000US36427,36427,"ZIP 36427 (Brewton, AL)",00,Total for all sectors,2011,32,291,1432,5896
8610000US36429,36429,"ZIP 36429 (Brooklyn, AL)",00,Total for all sectors,2011,2,b,D,D
8610000US36432,36432,"ZIP 36432 (Castleberry, AL)",00,Total for all sectors,2011,18,135,1339,4791
8610000US36435,36435,"ZIP 36435 (Coy, AL)",00,Total for all sectors,2011,4,5,23,116
8610000US36436,36436,"ZIP 36436 (Dickinson, AL)",00,Total for all sectors,2011,3,a,89,326
8610000US36439,36439,"ZIP 36439 (Excel, AL)",00,Total for all sectors,2011,11,56,276,1143
8610000US36441,36441,"ZIP 36441 (Flomaton, AL)",00,Total for all sectors,2011,79,538,3399,14629
8610000US36442,36442,"ZIP 36442 (Florala, AL)",00,Total for all sectors,2011,59,613,3414,14568
8610000US36444,36444,"ZIP 36444 (Franklin, AL)",00,Total for all sectors,2011,4,b,D,D
8610000US36445,36445,"ZIP 36445 (Frisco City, AL)",00,Total for all sectors,2011,37,362,2277,9925
8610000US36446,36446,"ZIP 36446 (Fulton, AL)",00,Total for all sectors,2011,14,430,4654,21010
8610000US36451,36451,"ZIP 36451 (Grove Hill, AL)",00,Total for all sectors,2011,118,943,6369,25905
8610000US36453,36453,"ZIP 36453 (Kinston, AL)",00,Total for all sectors,2011,21,173,1106,4698
8610000US36454,36454,"ZIP 36454 (Lenox, AL)",00,Total for all sectors,2011,2,a,D,D
8610000US36455,36455,"ZIP 36455 (Lockhart, AL)",00,Total for all sectors,2011,1,a,D,D
8610000US36456,36456,"ZIP 36456 (Mc Kenzie, AL)",00,Total for all sectors,2011,20,91,738,3178
8610000US36458,36458,"ZIP 36458 (Mexia, AL)",00,Total for all sectors,2011,3,13,65,270
8610000US36460,36460,"ZIP 36460 (Monroeville, AL)",00,Total for all sectors,2011,260,3297,23552,99186
8610000US36461,36461,"ZIP 36461 (Monroeville, AL)",00,Total for all sectors,2011,23,279,1540,5673
8610000US36462,36462,"ZIP 36462 (Monroeville, AL)",00,Total for all sectors,2011,3,e,D,D
8610000US36467,36467,"ZIP 36467 (Opp, AL)",00,Total for all sectors,2011,227,2626,15965,66568
8610000US36470,36470,"ZIP 36470 (Perdue Hill, AL)",00,Total for all sectors,2011,11,f,D,D
8610000US36471,36471,"ZIP 36471 (Peterman, AL)",00,Total for all sectors,2011,8,b,D,D
8610000US36473,36473,"ZIP 36473 (Range, AL)",00,Total for all sectors,2011,2,a,D,D
8610000US36474,36474,"ZIP 36474 (Red Level, AL)",00,Total for all sectors,2011,19,90,446,2340
8610000US36475,36475,"ZIP 36475 (Repton, AL)",00,Total for all sectors,2011,14,b,103,583
8610000US36476,36476,"ZIP 36476 (River Falls, AL)",00,Total for all sectors,2011,3,b,D,D
8610000US36477,36477,"ZIP 36477 (Samson, AL)",00,Total for all sectors,2011,80,560,3782,14953
8610000US36480,36480,"ZIP 36480 (Uriah, AL)",00,Total for all sectors,2011,9,31,184,1209
8610000US36481,36481,"ZIP 36481 (Vredenburgh, AL)",00,Total for all sectors,2011,3,a,132,501
8610000US36482,36482,"ZIP 36482 (Whatley, AL)",00,Total for all sectors,2011,10,49,428,1783
8610000US36483,36483,"ZIP 36483 (Wing, AL)",00,Total for all sectors,2011,3,a,19,74
8610000US36502,36502,"ZIP 36502 (Atmore, AL)",00,Total for all sectors,2011,297,3002,19488,84551
8610000US36503,36503,"ZIP 36503 (Atmore, AL)",00,Total for all sectors,2011,7,b,D,D
8610000US36504,36504,"ZIP 36504 (Atmore, AL)",00,Total for all sectors,2011,19,1318,10284,37809
8610000US36505,36505,"ZIP 36505 (Axis, AL)",00,Total for all sectors,2011,37,1370,25765,103992
8610000US36507,36507,"ZIP 36507 (Bay Minette, AL)",00,Total for all sectors,2011,341,4392,32387,135860
8610000US36509,36509,"ZIP 36509 (Bayou La Batre, AL)",00,Total for all sectors,2011,90,1162,7401,35286
8610000US36511,36511,"ZIP 36511 (Bon Secour, AL)",00,Total for all sectors,2011,18,270,1950,8632
8610000US36512,36512,"ZIP 36512 (Bucks, AL)",00,Total for all sectors,2011,7,531,11326,36767
8610000US36513,36513,"ZIP 36513 (Calvert, AL)",00,Total for all sectors,2011,22,941,13329,69547
8610000US36515,36515,"ZIP 36515 (Carlton, AL)",00,Total for all sectors,2011,1,a,D,D
8610000US36518,36518,"ZIP 36518 (Chatom, AL)",00,Total for all sectors,2011,71,693,6240,20613
8610000US36521,36521,"ZIP 36521 (Chunchula, AL)",00,Total for all sectors,2011,29,g,D,D
8610000US36522,36522,"ZIP 36522 (Citronelle, AL)",00,Total for all sectors,2011,107,1051,6709,26542
8610000US36523,36523,"ZIP 36523 (Coden, AL)",00,Total for all sectors,2011,46,514,6336,24650
8610000US36524,36524,"ZIP 36524 (Coffeeville, AL)",00,Total for all sectors,2011,9,92,288,1204
8610000US36525,36525,"ZIP 36525 (Creola, AL)",00,Total for all sectors,2011,44,518,4117,18727
8610000US36526,36526,"ZIP 36526 (Daphne, AL)",00,Total for all sectors,2011,761,8243,61953,268276
8610000US36527,36527,"ZIP 36527 (Spanish Fort, AL)",00,Total for all sectors,2011,312,4250,24102,101607
8610000US36528,36528,"ZIP 36528 (Dauphin Island, AL)",00,Total for all sectors,2011,49,310,2001,9336
8610000US36530,36530,"ZIP 36530 (Elberta, AL)",00,Total for all sectors,2011,86,415,2949,12631
8610000US36532,36532,"ZIP 36532 (Fairhope, AL)",00,Total for all sectors,2011,730,6338,47755,212739
8610000US36533,36533,"ZIP 36533 (Fairhope, AL)",00,Total for all sectors,2011,23,216,1805,9506
8610000US36535,36535,"ZIP 36535 (Foley, AL)",00,Total for all sectors,2011,728,9897,66496,279583
8610000US36536,36536,"ZIP 36536 (Foley, AL)",00,Total for all sectors,2011,45,432,1975,8477
8610000US36538,36538,"ZIP 36538 (Frankville, AL)",00,Total for all sectors,2011,3,a,D,D
8610000US36539,36539,"ZIP 36539 (Fruitdale, AL)",00,Total for all sectors,2011,5,16,60,227
8610000US36540,36540,"ZIP 36540 (Gainestown, AL)",00,Total for all sectors,2011,4,b,D,D
8610000US36541,36541,"ZIP 36541 (Grand Bay, AL)",00,Total for all sectors,2011,133,1407,13517,51658
8610000US36542,36542,"ZIP 36542 (Gulf Shores, AL)",00,Total for all sectors,2011,432,4849,24032,117000
8610000US36543,36543,"ZIP 36543 (Huxford, AL)",00,Total for all sectors,2011,2,b,D,D
8610000US36544,36544,"ZIP 36544 (Irvington, AL)",00,Total for all sectors,2011,99,1139,10223,39910
8610000US36545,36545,"ZIP 36545 (Jackson, AL)",00,Total for all sectors,2011,234,2783,25345,100021
8610000US36547,36547,"ZIP 36547 (Gulf Shores, AL)",00,Total for all sectors,2011,54,811,4361,22147
8610000US36548,36548,"ZIP 36548 (Leroy, AL)",00,Total for all sectors,2011,20,259,3584,14901
8610000US36549,36549,"ZIP 36549 (Lillian, AL)",00,Total for all sectors,2011,52,e,D,D
8610000US36550,36550,"ZIP 36550 (Little River, AL)",00,Total for all sectors,2011,1,a,D,D
8610000US36551,36551,"ZIP 36551 (Loxley, AL)",00,Total for all sectors,2011,152,1710,12854,54218
8610000US36553,36553,"ZIP 36553 (Mc Intosh, AL)",00,Total for all sectors,2011,44,g,D,D
8610000US36555,36555,"ZIP 36555 (Magnolia Springs, AL)",00,Total for all sectors,2011,24,c,D,D
8610000US36556,36556,"ZIP 36556 (Malcolm, AL)",00,Total for all sectors,2011,1,a,D,D
8610000US36558,36558,"ZIP 36558 (Millry, AL)",00,Total for all sectors,2011,37,244,1819,7858
8610000US36559,36559,"ZIP 36559 (Montrose, AL)",00,Total for all sectors,2011,18,310,2159,8996
8610000US36560,36560,"ZIP 36560 (Mount Vernon, AL)",00,Total for all sectors,2011,36,761,6864,26251
8610000US36561,36561,"ZIP 36561 (Orange Beach, AL)",00,Total for all sectors,2011,336,3973,22145,117914
8610000US36562,36562,"ZIP 36562 (Perdido, AL)",00,Total for all sectors,2011,5,46,159,726
8610000US36564,36564,"ZIP 36564 (Point Clear, AL)",00,Total for all sectors,2011,21,f,D,D
8610000US36567,36567,"ZIP 36567 (Robertsdale, AL)",00,Total for all sectors,2011,269,2484,16337,67854
8610000US36568,36568,"ZIP 36568 (Saint Elmo, AL)",00,Total for all sectors,2011,10,39,249,1139
8610000US36569,36569,"ZIP 36569 (Saint Stephens, AL)",00,Total for all sectors,2011,4,a,D,D
8610000US36571,36571,"ZIP 36571 (Saraland, AL)",00,Total for all sectors,2011,369,5818,44280,180602
8610000US36572,36572,"ZIP 36572 (Satsuma, AL)",00,Total for all sectors,2011,60,832,5480,22622
8610000US36574,36574,"ZIP 36574 (Seminole, AL)",00,Total for all sectors,2011,15,157,1106,4811
8610000US36575,36575,"ZIP 36575 (Semmes, AL)",00,Total for all sectors,2011,204,1929,14382,53657
8610000US36576,36576,"ZIP 36576 (Silverhill, AL)",00,Total for all sectors,2011,44,136,719,3276
8610000US36577,36577,"ZIP 36577 (Spanish Fort, AL)",00,Total for all sectors,2011,17,110,586,3354
8610000US36578,36578,"ZIP 36578 (Stapleton, AL)",00,Total for all sectors,2011,23,152,751,4016
8610000US36579,36579,"ZIP 36579 (Stockton, AL)",00,Total for all sectors,2011,13,77,596,2522
8610000US36580,36580,"ZIP 36580 (Summerdale, AL)",00,Total for all sectors,2011,102,764,6364,26877
8610000US36581,36581,"ZIP 36581 (Sunflower, AL)",00,Total for all sectors,2011,2,a,D,D
8610000US36582,36582,"ZIP 36582 (Theodore, AL)",00,Total for all sectors,2011,498,7506,67389,306322
8610000US36583,36583,"ZIP 36583 (Tibbie, AL)",00,Total for all sectors,2011,7,26,146,546
8610000US36584,36584,"ZIP 36584 (Vinegar Bend, AL)",00,Total for all sectors,2011,3,a,D,D
8610000US36585,36585,"ZIP 36585 (Wagarville, AL)",00,Total for all sectors,2011,8,a,77,312
8610000US36587,36587,"ZIP 36587 (Wilmer, AL)",00,Total for all sectors,2011,66,352,2127,9613
8610000US36590,36590,"ZIP 36590 (Theodore, AL)",00,Total for all sectors,2011,20,775,15315,56650
8610000US36601,36601,"ZIP 36601 (Mobile, AL)",00,Total for all sectors,2011,29,192,1627,6842
8610000US36602,36602,"ZIP 36602 (Mobile, AL)",00,Total for all sectors,2011,527,12792,120574,505927
8610000US36603,36603,"ZIP 36603 (Mobile, AL)",00,Total for all sectors,2011,178,2376,22933,96983
8610000US36604,36604,"ZIP 36604 (Mobile, AL)",00,Total for all sectors,2011,247,3653,32963,154445
8610000US36605,36605,"ZIP 36605 (Mobile, AL)",00,Total for all sectors,2011,220,2520,22435,92291
8610000US36606,36606,"ZIP 36606 (Mobile, AL)",00,Total for all sectors,2011,920,15123,111774,473808
8610000US36607,36607,"ZIP 36607 (Mobile, AL)",00,Total for all sectors,2011,359,8239,76870,340177
8610000US36608,36608,"ZIP 36608 (Mobile, AL)",00,Total for all sectors,2011,1070,18227,145948,648055
8610000US36609,36609,"ZIP 36609 (Mobile, AL)",00,Total for all sectors,2011,799,14351,120463,520699
8610000US36610,36610,"ZIP 36610 (Mobile, AL)",00,Total for all sectors,2011,157,2093,19416,84023
8610000US36611,36611,"ZIP 36611 (Mobile, AL)",00,Total for all sectors,2011,83,1231,14941,60711
8610000US36612,36612,"ZIP 36612 (Mobile, AL)",00,Total for all sectors,2011,79,1253,11462,47374
8610000US36613,36613,"ZIP 36613 (Eight Mile, AL)",00,Total for all sectors,2011,95,1588,11314,48211
8610000US36615,36615,"ZIP 36615 (Mobile, AL)",00,Total for all sectors,2011,56,2850,32077,134610
8610000US36616,36616,"ZIP 36616 (Mobile, AL)",00,Total for all sectors,2011,14,228,3033,13383
8610000US36617,36617,"ZIP 36617 (Mobile, AL)",00,Total for all sectors,2011,112,3458,30160,126840
8610000US36618,36618,"ZIP 36618 (Mobile, AL)",00,Total for all sectors,2011,207,3048,22335,93762
8610000US36619,36619,"ZIP 36619 (Mobile, AL)",00,Total for all sectors,2011,379,5717,42242,176527
8610000US36625,36625,"ZIP 36625 (Mobile, AL)",00,Total for all sectors,2011,7,b,D,D
8610000US36630,36630,"ZIP 36630 (Mobile, AL)",00,Total for all sectors,2011,1,b,D,D
8610000US36633,36633,"ZIP 36633 (Mobile, AL)",00,Total for all sectors,2011,14,b,S,3342
8610000US36640,36640,"ZIP 36640 (Mobile, AL)",00,Total for all sectors,2011,5,28,139,538
8610000US36644,36644,"ZIP 36644 (Mobile, AL)",00,Total for all sectors,2011,1,a,D,D
8610000US36652,36652,"ZIP 36652 (Mobile, AL)",00,Total for all sectors,2011,29,1527,26544,109016
8610000US36660,36660,"ZIP 36660 (Mobile, AL)",00,Total for all sectors,2011,8,b,D,D
8610000US36663,36663,"ZIP 36663 (Mobile, AL)",00,Total for all sectors,2011,3,b,D,D
8610000US36670,36670,"ZIP 36670 (Mobile, AL)",00,Total for all sectors,2011,7,b,D,D
8610000US36671,36671,"ZIP 36671 (Mobile, AL)",00,Total for all sectors,2011,4,a,D,D
8610000US36685,36685,"ZIP 36685 (Mobile, AL)",00,Total for all sectors,2011,9,c,D,D
8610000US36688,36688,"ZIP 36688 (Mobile, AL)",00,Total for all sectors,2011,12,h,D,D
8610000US36689,36689,"ZIP 36689 (Mobile, AL)",00,Total for all sectors,2011,11,b,236,861
8610000US36691,36691,"ZIP 36691 (Mobile, AL)",00,Total for all sectors,2011,28,112,1556,8600
8610000US36693,36693,"ZIP 36693 (Mobile, AL)",00,Total for all sectors,2011,472,6472,51886,218718
8610000US36695,36695,"ZIP 36695 (Mobile, AL)",00,Total for all sectors,2011,605,10197,83133,633817
8610000US36701,36701,"ZIP 36701 (Selma, AL)",00,Total for all sectors,2011,547,7371,49136,206216
8610000US36702,36702,"ZIP 36702 (Selma, AL)",00,Total for all sectors,2011,42,1232,15621,64509
8610000US36703,36703,"ZIP 36703 (Selma, AL)",00,Total for all sectors,2011,153,2110,14212,58156
8610000US36720,36720,"ZIP 36720 (Alberta, AL)",00,Total for all sectors,2011,4,a,D,D
8610000US36722,36722,"ZIP 36722 (Arlington, AL)",00,Total for all sectors,2011,6,b,D,D
8610000US36726,36726,"ZIP 36726 (Camden, AL)",00,Total for all sectors,2011,127,989,5740,24782
8610000US36727,36727,"ZIP 36727 (Campbell, AL)",00,Total for all sectors,2011,1,a,D,D
8610000US36728,36728,"ZIP 36728 (Catherine, AL)",00,Total for all sectors,2011,4,15,94,602
8610000US36732,36732,"ZIP 36732 (Demopolis, AL)",00,Total for all sectors,2011,317,4639,38220,158101
8610000US36736,36736,"ZIP 36736 (Dixons Mills, AL)",00,Total for all sectors,2011,14,59,209,935
8610000US36738,36738,"ZIP 36738 (Faunsdale, AL)",00,Total for all sectors,2011,10,37,210,969
8610000US36740,36740,"ZIP 36740 (Forkland, AL)",00,Total for all sectors,2011,1,a,D,D
8610000US36741,36741,"ZIP 36741 (Furman, AL)",00,Total for all sectors,2011,1,a,D,D
8610000US36742,36742,"ZIP 36742 (Gallion, AL)",00,Total for all sectors,2011,17,80,840,3703
8610000US36744,36744,"ZIP 36744 (Greensboro, AL)",00,Total for all sectors,2011,112,1145,7185,29920
8610000US36745,36745,"ZIP 36745 (Jefferson, AL)",00,Total for all sectors,2011,1,a,D,D
8610000US36748,36748,"ZIP 36748 (Linden, AL)",00,Total for all sectors,2011,68,495,3240,13377
8610000US36749,36749,"ZIP 36749 (Jones, AL)",00,Total for all sectors,2011,3,5,18,74
8610000US36750,36750,"ZIP 36750 (Maplesville, AL)",00,Total for all sectors,2011,40,523,3675,15937
8610000US36751,36751,"ZIP 36751 (Lower Peach Tree, AL)",00,Total for all sectors,2011,4,26,166,815
8610000US36752,36752,"ZIP 36752 (Lowndesboro, AL)",00,Total for all sectors,2011,22,f,D,D
8610000US36753,36753,"ZIP 36753 (Mc Williams, AL)",00,Total for all sectors,2011,2,b,D,D
8610000US36756,36756,"ZIP 36756 (Marion, AL)",00,Total for all sectors,2011,90,1001,6663,27281
8610000US36758,36758,"ZIP 36758 (Plantersville, AL)",00,Total for all sectors,2011,13,95,356,1408
8610000US36759,36759,"ZIP 36759 (Marion Junction, AL)",00,Total for all sectors,2011,6,a,54,122
8610000US36761,36761,"ZIP 36761 (Minter, AL)",00,Total for all sectors,2011,6,14,122,588
8610000US36762,36762,"ZIP 36762 (Morvin, AL)",00,Total for all sectors,2011,1,b,D,D
8610000US36763,36763,"ZIP 36763 (Myrtlewood, AL)",00,Total for all sectors,2011,1,a,D,D
8610000US36764,36764,"ZIP 36764 (Nanafalia, AL)",00,Total for all sectors,2011,4,b,D,D
8610000US36765,36765,"ZIP 36765 (Newbern, AL)",00,Total for all sectors,2011,13,50,270,1075
8610000US36766,36766,"ZIP 36766 (Oak Hill, AL)",00,Total for all sectors,2011,4,5,15,81
8610000US36767,36767,"ZIP 36767 (Orrville, AL)",00,Total for all sectors,2011,12,29,85,454
8610000US36768,36768,"ZIP 36768 (Pine Apple, AL)",00,Total for all sectors,2011,5,40,261,1077
8610000US36769,36769,"ZIP 36769 (Pine Hill, AL)",00,Total for all sectors,2011,38,648,10840,35909
8610000US36773,36773,"ZIP 36773 (Safford, AL)",00,Total for all sectors,2011,5,12,73,408
8610000US36775,36775,"ZIP 36775 (Sardis, AL)",00,Total for all sectors,2011,5,22,80,310
8610000US36776,36776,"ZIP 36776 (Sawyerville, AL)",00,Total for all sectors,2011,5,b,D,D
8610000US36782,36782,"ZIP 36782 (Sweet Water, AL)",00,Total for all sectors,2011,23,136,1184,4993
8610000US36783,36783,"ZIP 36783 (Thomaston, AL)",00,Total for all sectors,2011,13,44,183,793
8610000US36784,36784,"ZIP 36784 (Thomasville, AL)",00,Total for all sectors,2011,222,2252,13680,54744
8610000US36785,36785,"ZIP 36785 (Tyler, AL)",00,Total for all sectors,2011,8,62,354,1503
8610000US36786,36786,"ZIP 36786 (Uniontown, AL)",00,Total for all sectors,2011,35,403,2724,11510
8610000US36790,36790,"ZIP 36790 (Stanton, AL)",00,Total for all sectors,2011,11,93,670,2769
8610000US36792,36792,"ZIP 36792 (Randolph, AL)",00,Total for all sectors,2011,14,b,S,2330
8610000US36793,36793,"ZIP 36793 (Lawley, AL)",00,Total for all sectors,2011,2,a,D,D
8610000US36801,36801,"ZIP 36801 (Opelika, AL)",00,Total for all sectors,2011,762,14807,106413,442341
8610000US36802,36802,"ZIP 36802 (Opelika, AL)",00,Total for all sectors,2011,6,52,459,1805
8610000US36803,36803,"ZIP 36803 (Opelika, AL)",00,Total for all sectors,2011,36,534,3004,14132
8610000US36804,36804,"ZIP 36804 (Opelika, AL)",00,Total for all sectors,2011,152,1314,10051,45090
8610000US36830,36830,"ZIP 36830 (Auburn, AL)",00,Total for all sectors,2011,903,11699,71124,306182
8610000US36831,36831,"ZIP 36831 (Auburn, AL)",00,Total for all sectors,2011,31,668,4671,19190
8610000US36832,36832,"ZIP 36832 (Auburn, AL)",00,Total for all sectors,2011,201,4391,31319,136735
8610000US36849,36849,"ZIP 36849 (Auburn University, AL)",00,Total for all sectors,2011,34,e,1020,4789
8610000US36850,36850,"ZIP 36850 (Camp Hill, AL)",00,Total for all sectors,2011,19,c,D,D
8610000US36851,36851,"ZIP 36851 (Cottonton, AL)",00,Total for all sectors,2011,5,c,D,D
8610000US36852,36852,"ZIP 36852 (Cusseta, AL)",00,Total for all sectors,2011,21,487,3299,14687
8610000US36853,36853,"ZIP 36853 (Dadeville, AL)",00,Total for all sectors,2011,155,1729,10655,49083
8610000US36854,36854,"ZIP 36854 (Valley, AL)",00,Total for all sectors,2011,227,2950,18797,82584
8610000US36855,36855,"ZIP 36855 (Five Points, AL)",00,Total for all sectors,2011,8,a,39,215
8610000US36856,36856,"ZIP 36856 (Fort Mitchell, AL)",00,Total for all sectors,2011,22,188,1044,4463
8610000US36858,36858,"ZIP 36858 (Hatchechubbee, AL)",00,Total for all sectors,2011,4,a,D,D
8610000US36859,36859,"ZIP 36859 (Holy Trinity, AL)",00,Total for all sectors,2011,1,a,D,D
8610000US36860,36860,"ZIP 36860 (Hurtsboro, AL)",00,Total for all sectors,2011,21,89,366,1566
8610000US36861,36861,"ZIP 36861 (Jacksons Gap, AL)",00,Total for all sectors,2011,24,104,870,3175
8610000US36862,36862,"ZIP 36862 (Lafayette, AL)",00,Total for all sectors,2011,95,962,6099,27690
8610000US36863,36863,"ZIP 36863 (Lanett, AL)",00,Total for all sectors,2011,210,2064,15556,71707
8610000US36865,36865,"ZIP 36865 (Loachapoka, AL)",00,Total for all sectors,2011,6,b,D,D
8610000US36866,36866,"ZIP 36866 (Notasulga, AL)",00,Total for all sectors,2011,33,213,1087,4248
8610000US36867,36867,"ZIP 36867 (Phenix City, AL)",00,Total for all sectors,2011,519,6841,56384,226324
8610000US36868,36868,"ZIP 36868 (Phenix City, AL)",00,Total for all sectors,2011,48,397,2399,9738
8610000US36869,36869,"ZIP 36869 (Phenix City, AL)",00,Total for all sectors,2011,122,2227,13064,64337
8610000US36870,36870,"ZIP 36870 (Phenix City, AL)",00,Total for all sectors,2011,113,692,4254,17823
8610000US36871,36871,"ZIP 36871 (Pittsview, AL)",00,Total for all sectors,2011,10,135,947,4254
8610000US36872,36872,"ZIP 36872 (Valley, AL)",00,Total for all sectors,2011,1,a,D,D
8610000US36874,36874,"ZIP 36874 (Salem, AL)",00,Total for all sectors,2011,51,401,2364,10599
8610000US36875,36875,"ZIP 36875 (Seale, AL)",00,Total for all sectors,2011,25,110,680,2880
8610000US36877,36877,"ZIP 36877 (Smiths Station, AL)",00,Total for all sectors,2011,82,628,4619,19216
8610000US36879,36879,"ZIP 36879 (Waverly, AL)",00,Total for all sectors,2011,8,b,148,644
8610000US36901,36901,"ZIP 36901 (Bellamy, AL)",00,Total for all sectors,2011,2,b,D,D
8610000US36904,36904,"ZIP 36904 (Butler, AL)",00,Total for all sectors,2011,127,864,5298,22516
8610000US36907,36907,"ZIP 36907 (Cuba, AL)",00,Total for all sectors,2011,14,612,5185,24737
8610000US36908,36908,"ZIP 36908 (Gilbertown, AL)",00,Total for all sectors,2011,56,302,1647,7472
8610000US36910,36910,"ZIP 36910 (Jachin, AL)",00,Total for all sectors,2011,3,24,210,851
8610000US36912,36912,"ZIP 36912 (Lisman, AL)",00,Total for all sectors,2011,9,24,81,329
8610000US36913,36913,"ZIP 36913 (Melvin, AL)",00,Total for all sectors,2011,2,a,D,D
8610000US36915,36915,"ZIP 36915 (Needham, AL)",00,Total for all sectors,2011,1,a,D,D
8610000US36916,36916,"ZIP 36916 (Pennington, AL)",00,Total for all sectors,2011,26,g,D,D
8610000US36919,36919,"ZIP 36919 (Silas, AL)",00,Total for all sectors,2011,24,136,889,4039
8610000US36921,36921,"ZIP 36921 (Toxey, AL)",00,Total for all sectors,2011,13,173,1434,5754
8610000US36922,36922,"ZIP 36922 (Ward, AL)",00,Total for all sectors,2011,1,a,D,D
8610000US36925,36925,"ZIP 36925 (York, AL)",00,Total for all sectors,2011,54,568,2912,12708
